Altium Designer Pick and Place Locations,,,,,,,
C:\Pick Place for UNI_RAT_0217-7_rev4(c).csv,,,,,,,
,,,,,,,
Err:510,,,,,,,
File Design Information:,,,,,,,
,,,,,,,
Date:       07/09/18,,,,,,,
Time:       22:12,,,,,,,
Revision:   Not in VersionControl,,,,,,,
Variant:    No variations,,,,,,,
Units used: mil,,,,,,,
,,,,,,,
Designator,Comment,Layer,Footprint,Center-X(mil),Center-Y(mil),Rotation,Description
R9,0R,BottomLayer,SM0603,8610,8582.677,90,
R46,1K,BottomLayer,SM0603,8930,10055,270,
TP10,TP_1mm,BottomLayer,TP70H40,8910,10885,180,
TP4,TH_TP,BottomLayer,TP70H40,8910,11220,180,
C93,0.1uF,BottomLayer,SM0603,8765,11515,270,
R34,1K,BottomLayer,SM0603,9110,8860,90,
R44,3.9K,BottomLayer,SM0603,9135,10645,270,
R33,3.9K,BottomLayer,SM0603,9150,11015,90,
R469,1K,BottomLayer,SM0603,9395,9110,180,
R486,390R,BottomLayer,SM1206L,9480,11630,360,
LD2,"LED, GRN",BottomLayer,LED0805,9730,10350,270,
TP15,TH_TP,BottomLayer,TP70H40,9750,11800,180,
TP8,TP_1mm,BottomLayer,TP70H40,10060,10335,360,
R30,25M,BottomLayer,SM0603,10055,10605,270,
R25,1K,BottomLayer,SM0603,10115,10975,90,
R488,10K,BottomLayer,SM0603,10105,11235,180,
R501,17.8K,BottomLayer,SM0603,10305,9125,90,
D8,MMSZ5242BT1G,BottomLayer,SOD-123_SOD-123(Primary),10325,10625,270,
C14,0.1uF,BottomLayer,SM0603,10335,10980,270,
R489,0R,BottomLayer,SM0603,10355,11190,270,
R446,100R,BottomLayer,SM0603,10720,9745,270,
R38,3.9K,BottomLayer,SM0603,10550,10070,270,
Q40,2N7002-7-F,BottomLayer,SOT-23,10660,10415,270,
C90,0.1uF,BottomLayer,SM0603,10890,9710,180,
C81,0.1uF,BottomLayer,SM0603,11025,9740,90,
R493,0R,BottomLayer,SM0603,11000,10410,360,
R14,33.2K,BottomLayer,SM0603,11005,11300,90,
TP1,TP_1mm,BottomLayer,TP70H40,10925,11475,90,
LD4,"LED, GRN",BottomLayer,LED0805,11240,11285,270,
R512,0R,BottomLayer,SM1206L,11574.803,11850.394,270,
TP6,TH_TP,BottomLayer,TP70H40,8900,8700,180,
TP11,TH_TP,BottomLayer,TP70H40,8925,10175,360,
LD6,"LED, GRN",BottomLayer,LED0805,9105,8660,270,
TP3,TP_1mm,BottomLayer,TP70H40,9225,11710,90,
R484,390R,BottomLayer,SM1206L,9130,11645,90,
R483,390R,BottomLayer,SM1206L,9430,9340,270,
R482,390R,BottomLayer,SM1206L,9425,8670,270,
TP14,TH_TP,BottomLayer,TP70H40,9750,8100,180,
C6,0.1uF,BottomLayer,SM1206L,9835,9965,270,
C88,0.1uF,BottomLayer,SM1206L,9665,9965,270,
C91,0.1uF,BottomLayer,SM0603,10075,9115,270,
R310,10K,BottomLayer,SM0603,10015,9115,270,
R53,100R,BottomLayer,SM0603,10040,9020,180,
R32,2M,BottomLayer,SM0805,10060,10460,270,
J5,TSW-102-23-L-S,BottomLayer,HEADER2,10025,11400,270,
D4,MMSZ5242BT1G,BottomLayer,SOD-123_SOD-123(Primary),10125,11400,270,
R487,10K,BottomLayer,SM0603,10110,11075,180,
C1,1uF,BottomLayer,SM1206L,10275,8380,270,
LD9,"LED, GRN",BottomLayer,LED0805,10425,8975,270,
R500,10K,BottomLayer,SM0603,10305,9260,90,
R39,100K,BottomLayer,SM0603,10375,10200,90,
R20,3.9K,BottomLayer,SM0603,10350,10845,270,
R491,10K,BottomLayer,SM0603,10305,10460,180,
Q4,2N7002-7-F,BottomLayer,SOT-23,10345,11400,360,
D3,MMSZ5232BT1G,BottomLayer,SOD-123_SOD-123(Primary),10585,11400,270,
C4,1uF,BottomLayer,SM1206L,10965,8370,270,
J3,TSW-102-23-L-S,BottomLayer,HEADER2,10970,8775,270,
R447,100R,BottomLayer,SM0603,10890,9650,360,
R448,0R,BottomLayer,SM0603,10920,9895,360,
R450,10K,BottomLayer,SM0603,11025,9870,270,
R29,4.99K,BottomLayer,SM1206L,11280,10510,90,
R478,390R,BottomLayer,SM1206L,11160,11285,270,
R514,0R,BottomLayer,SM1206L,11574.803,8149.606,90,
R2,100R,BottomLayer,SM2512,10110,8650,270,
C7,0.1uF,BottomLayer,SM1206L,10085,9640,270,
U34,LTC2955ITS8-1#TR,BottomLayer,SOT23-8,10905,9801,270,
R515,0R,BottomLayer,SM1206L,8425.197,11905.394,270,
R28,4.99K,BottomLayer,SM1206L,9050,8525,180,
C92,0.1uF,BottomLayer,SM0603,8670,8582.677,90,
R35,49.9K,BottomLayer,SM0603,9000,8825,360,
R503,390R,BottomLayer,SM1206L,9370,9760,180,
R47,49.9K,BottomLayer,SM0603,9040,10085,180,
R37,4.99K,BottomLayer,SM1206L,9050,10270,180,
R502,390R,BottomLayer,SM1206L,9370,10435,180,
R481,390R,BottomLayer,SM1206L,9370,10275,180,
R36,4.99K,BottomLayer,SM1206L,9050,10350,180,
R480,390R,BottomLayer,SM1206L,9370,10950,180,
J10,TSW-102-23-L-S,BottomLayer,HEADER2,9070,10880,360,
R18,33.2K,BottomLayer,SM0603,9020,11295,360,
R17,3.9K,BottomLayer,SM0603,9020,11235,180,
R16,390R,BottomLayer,SM1206L,9280,11625,360,
R40,0R,BottomLayer,SM0603,8700,11515,270,
J7,TSW-102-23-L-S,BottomLayer,HEADER2,9375,11800,180,
R443,0R,BottomLayer,SM1210,10115,9480,360,
C89,0.1uF,BottomLayer,SM0603,10780,9745,90,
C21,0.1uF,BottomLayer,SM0603,10450,10100,360,
R42,3.9K,BottomLayer,SM0603,10450,10040,180,
Q39,2N7002-7-F,BottomLayer,SOT-23,10450,10415,90,
J2,TSW-102-23-L-S,BottomLayer,HEADER2,9830,10345,270,
R490,10K,BottomLayer,SM0603,10310,10300,180,
D6,MMSZ5232BT1G,BottomLayer,SOD-123_SOD-123(Primary),10785,10625,270,
Q10,2N7002-7-F,BottomLayer,SOT-23,10545,10625,360,
U2,ADCMP370,BottomLayer,SC70-5,10250,10975,180,
R21,100K,BottomLayer,SM0603,10175,10975,90,
C15,0.1uF,BottomLayer,SM0603,10250,10875,360,
R15,2M,BottomLayer,SM0805,9860,11235,270,
Q37,2N7002-7-F,BottomLayer,SOT-23,10250,11190,90,
R456,0R,BottomLayer,SM0603,11330,9755,180,
R308,0R,BottomLayer,SM0603,11085,9740,90,
R457,0R,BottomLayer,SM0603,11330,10295,180,
R513,0R,BottomLayer,SM1206L,8425,8105,90,
R27,4.99K,BottomLayer,SM1206L,9050,8425,180,
R504,390R,BottomLayer,SM1206L,9370,8420,180,
Q9,DMTH6009LK3-13,BottomLayer,DPAK-GDS_DPAK-GDS(Primary),9020,9135,180,
J14,TSW-102-23-L-S,BottomLayer,HEADER2,9070,10780,360,
LD8,"LED, GRN",BottomLayer,LED0805,9050,10175,360,
TP16,TP_1mm,BottomLayer,TP70H40,8910,10785,360,
LD5,"LED, GRN",BottomLayer,LED0805,8975,11635,90,
Q5,MMBT2222LT1G,BottomLayer,SOT-23,9010,11470,90,
R505,390R,BottomLayer,SM1206L,9370,11110,180,
C2,0.1uF,BottomLayer,SM1206L,10195,8380,90,
C3,0.1uF,BottomLayer,SM1206L,10880,8370,90,
R390,7.5K,BottomLayer,SM1206L,10425,8800,270,
Q41,2N7002-7-F,BottomLayer,SOT-23,10190,9120,360,
D10,MMSZ5230BT1,BottomLayer,SOD-123_SOD-123(Primary),9945,9140,270,
R48,44.2K,BottomLayer,SM1206L,9865,9140,270,
D83,MMSZ5245B,BottomLayer,SOD-123_SOD-123(Primary),10175,9290,90,
C83,47uF,BottomLayer,EEE-HA1H470XP,10645,8835,90,
LD3,"LED, GRN",BottomLayer,LED0805,10870,8775,270,
C86,1uF,BottomLayer,SM1206L,10685,9020,180,
R451,10K,BottomLayer,SM0603,10760,9650,360,
R3,4.99K,BottomLayer,SM1206L,9830,10150,270,
J11,TSW-102-23-L-S,BottomLayer,HEADER2,10225,10625,270,
U3,ADCMP370,BottomLayer,SC70-5,10450,10200,180,
Q6,IRFD120PBF,BottomLayer,IRFD120_DIP4,10550,10625,180,
C22,1nF,BottomLayer,SM0603,10255,10200,270,
C20,0.1uF,BottomLayer,SM0603,10535,10205,270,
R449,10K,BottomLayer,SM0603,10780,9885,270,
R23,3.9K,BottomLayer,SM0603,10250,10815,180,
R492,0R,BottomLayer,SM0603,10555,10415,270,
TP2,TP_1mm,BottomLayer,TP70H40,9860,11110,360,
Q1,IRFD120PBF,BottomLayer,IRFD120_DIP4,10350,11400,180,
Q38,2N7002-7-F,BottomLayer,SOT-23,10460,11190,270,
R12,25M,BottomLayer,SM0603,9855,11380,270,
C11,1nF,BottomLayer,SM0603,9935,11380,90,
R494,0R,BottomLayer,SM0603,10800,11185,360,
R445,7.5K,BottomLayer,SM1206L,11080,9615,360,
R453,7.5K,BottomLayer,SM1206L,11615,9950,90,
LD7,"LED, GRN",BottomLayer,LED0805,11440,10510,270,
Q7,MMBT2222LT1G,BottomLayer,SOT-23,11335,10675,360,
R477,390R,BottomLayer,SM1206L,11360,10510,270,
R31,33.2K,BottomLayer,SM0603,11205,10525,90,
MP1,MH_3_5mm_6_5mm,TopLayer,MH6MMH3.2MM,11574.803,11574.803,180,
R11,4.99K,BottomLayer,SM1206L,11080,11285,90,
Q2,MMBT2222LT1G,BottomLayer,SOT-23,11135,11450,360,
Q11,DMTH6009LK3-13,BottomLayer,DPAK-GDS_DPAK-GDS(Primary),9020,9775,360,
D1,SMBJ24CA,BottomLayer,D-SMB_D-SMB(Primary),9965,9875,270,
R444,100R,BottomLayer,SM2512,9940,8650,270,
R6,100R,BottomLayer,SM2512,10275,8650,270,
C8,47uF,BottomLayer,EEE-HA1H470XP,10265,9710,360,
C82,47uF,BottomLayer,EEE-HA1H470XP,10540,9710,360,
U1,L7805ABD2T-TR,BottomLayer,D2PAK,10600,8345,90,
MP3,MH_3_5mm_6_5mm,TopLayer,MH6MMH3.2MM,11574.803,8425.197,180,
D86,MMSZ5245B,BottomLayer,SOD-123_SOD-123(Primary),9730,9230,360,
R499,17.8K,BottomLayer,SM0603,9720,9365,360,
F1,5A,BottomLayer,FUSE-0449,9750,9800,180,
J15,TSW-102-23-L-S,BottomLayer,HEADER2,8690,10050.315,360,
R7,0R,BottomLayer,SM1206L,10935,8540,360,
R479,390R,BottomLayer,SM1206L,10935,8625,180,
SW3,B3W-9,TopLayer,B3W-9,9427.165,9340.551,0,
R498,10K,BottomLayer,SM0603,9720,9305,180,
SW5,B3W-9,TopLayer,B3W-9,9427.165,10679.134,0,
SW4,B3W-9,TopLayer,B3W-9,9427.165,10009.843,0,
MP4,MH_3_5mm_6_5mm,TopLayer,MH6MMH3.2MM,8425.197,11614.173,180,
SW6,B3W-9,TopLayer,B3W-9,9427.165,11348.425,0,
R442,0R,BottomLayer,SM1210,11011.409,8997.049,360,
LAYERS1,LAYERS,TopLayer,LAYERS4-1OZ-ALL,0,0,0,
SW1,B3W-9,TopLayer,B3W-9,11362.205,10009.843,0,
MP2,MH_3_5mm_6_5mm,TopLayer,MH6MMH3.2MM,8425.197,8385.827,180,
SW2,B3W-9,TopLayer,B3W-9,9427.165,8671.26,0,
J1,5747150-7,BottomLayer,DTYPE-9S,8540.007,9291.339,270,
J12,1734351-1,BottomLayer,DTYPE-9M-RA_DTYPE-9M-RA(Primary),8695,10818.386,270,
Q36,SUM110P06-07L-E3,BottomLayer,D2PAK-FET_D2PAK-FET(Primary),10615,9325,180,
R511,0R,BottomLayer,SM0603,9935,11250,90,
R45,1K,BottomLayer,SM0603,10315,10200,90,
R452,7.5K,BottomLayer,SM1206L,11125,10075,270,
